0,192.168.1.1
94218,192.168.1.1
312047,192.168.1.1
406238,192.168.1.1
424766,192.168.1.1
435074,192.168.1.1
435650,192.168.1.1
435891,192.168.1.1
436142,192.168.1.1
436389,192.168.1.1
436636,192.168.1.1
436887,192.168.1.1
437138,192.168.1.1
437387,192.168.1.1
437634,192.168.1.1
437883,192.168.1.1
438135,192.168.1.1
438383,192.168.1.1
624004,192.168.1.1
659270,192.168.1.1
718275,192.168.1.1
935988,192.168.1.1
1030198,192.168.1.1
1247993,192.168.1.1
1342394,192.168.1.1
1559995,192.168.1.1
1654872,192.168.1.1
1871969,192.168.1.1
1874546,192.168.1.1
1885765,192.168.1.1
1966374,192.168.1.1
2183971,192.168.1.1
2278163,192.168.1.1
2496007,192.168.1.1
2590137,192.168.1.1
2807988,192.168.1.1
2902282,192.168.1.1
3119960,192.168.1.1
3214128,192.168.1.1
3324814,192.168.1.1
3335056,192.168.1.1
3336184,192.168.1.1
3336406,192.168.1.1
3336654,192.168.1.1
3336904,192.168.1.1
3337156,192.168.1.1
3337404,192.168.1.1
3337652,192.168.1.1
3337903,192.168.1.1
3338152,192.168.1.1
3338400,192.168.1.1
3338647,192.168.1.1
3338898,192.168.1.1
3431977,192.168.1.1
3526348,192.168.1.1
3559296,192.168.1.1
3743962,192.168.1.1
3838446,192.168.1.1
4055942,192.168.1.1
4150132,192.168.1.1
4367937,192.168.1.1
4462148,192.168.1.1
4679943,192.168.1.1
4774179,192.168.1.1
4775097,192.168.1.1
4786234,192.168.1.1
4991923,192.168.1.1
5086152,192.168.1.1
5303910,192.168.1.1
5398161,192.168.1.1
5615922,192.168.1.1
5710565,192.168.1.1
5927905,192.168.1.1
6022329,192.168.1.1
6224863,192.168.1.1
6235132,192.168.1.1
6235694,192.168.1.1
6235935,192.168.1.1
6236181,192.168.1.1
6236430,192.168.1.1
6236676,192.168.1.1
6236931,192.168.1.1
6237179,192.168.1.1
6237426,192.168.1.1
6237674,192.168.1.1
6237929,192.168.1.1
6238176,192.168.1.1
6238424,192.168.1.1
6239890,192.168.1.1
6334090,192.168.1.1
6460294,192.168.1.1
6536345,192.168.1.1
6646134,192.168.1.1
6863919,192.168.1.1
6958140,192.168.1.1
7175910,192.168.1.1
7270289,192.168.1.1
7487910,192.168.1.1
7582101,192.168.1.1
7674673,192.168.1.1
7685859,192.168.1.1
7799891,192.168.1.1
7894565,192.168.1.1
8111875,192.168.1.1
8206192,192.168.1.1
8423894,192.168.1.1
8518231,192.168.1.1
8735872,192.168.1.1
8830169,192.168.1.1
9047851,192.168.1.1
9124924,192.168.1.1
9135184,192.168.1.1
9136241,192.168.1.1
9136468,192.168.1.1
9136721,192.168.1.1
9136970,192.168.1.1
9137216,192.168.1.1
9137467,192.168.1.1
9137717,192.168.1.1
9137968,192.168.1.1
9138214,192.168.1.1
9138461,192.168.1.1
9138715,192.168.1.1
9138967,192.168.1.1
9142089,192.168.1.1
9359718,192.168.1.1
9375458,192.168.1.1
9454042,192.168.1.1
9671852,192.168.1.1
9766109,192.168.1.1
9983840,192.168.1.1
10078262,192.168.1.1
10295851,192.168.1.1
10390284,192.168.1.1
10575172,192.168.1.1
10585884,192.168.1.1
10607838,192.168.1.1
10702028,192.168.1.1
10919865,192.168.1.1
11014153,192.168.1.1
11231839,192.168.1.1
11326127,192.168.1.1
11543826,192.168.1.1
11638280,192.168.1.1
11855835,192.168.1.1
11950040,192.168.1.1
12024929,192.168.1.1
12035167,192.168.1.1
12035679,192.168.1.1
12035922,192.168.1.1
12036169,192.168.1.1
12036416,192.168.1.1
12036671,192.168.1.1
12036919,192.168.1.1
12037166,192.168.1.1
12037414,192.168.1.1
12037668,192.168.1.1
12037918,192.168.1.1
12038164,192.168.1.1
12038412,192.168.1.1
12167816,192.168.1.1
12259439,192.168.1.1
12262135,192.168.1.1
12479834,192.168.1.1
12574151,192.168.1.1
12791804,192.168.1.1
12886050,192.168.1.1
13103814,192.168.1.1
13198217,192.168.1.1
13415810,192.168.1.1
13474620,192.168.1.1
13475933,192.168.1.1
13510013,192.168.1.1
13727796,192.168.1.1
13821990,192.168.1.1
14039772,192.168.1.1
14133983,192.168.1.1
14351801,192.168.1.1
14445972,192.168.1.1
14663778,192.168.1.1
14758430,192.168.1.1
14914970,192.168.1.1
14925235,192.168.1.1
14925896,192.168.1.1
14926141,192.168.1.1
14926388,192.168.1.1
14926636,192.168.1.1
14926885,192.168.1.1
14927137,192.168.1.1
14927385,192.168.1.1
14927641,192.168.1.1
14927881,192.168.1.1
14928135,192.168.1.1
14928383,192.168.1.1
14928631,192.168.1.1
14975754,192.168.1.1
15070003,192.168.1.1
15150457,192.168.1.1
15287763,192.168.1.1
15381990,192.168.1.1
15599782,192.168.1.1
15694509,192.168.1.1
15911781,192.168.1.1
16006162,192.168.1.1
16223777,192.168.1.1
16317983,192.168.1.1
16364880,192.168.1.1
16375961,192.168.1.1
16535769,192.168.1.1
16629928,192.168.1.1
16847754,192.168.1.1
16942157,192.168.1.1
17159735,192.168.1.1
17254618,192.168.1.1
17471767,192.168.1.1
17566733,192.168.1.1
17783741,192.168.1.1
17815074,192.168.1.1
17825321,192.168.1.1
17826461,192.168.1.1
17826665,192.168.1.1
17826922,192.168.1.1
17827165,192.168.1.1
17827416,192.168.1.1
17827660,192.168.1.1
17827913,192.168.1.1
17828162,192.168.1.1
17828411,192.168.1.1
17828657,192.168.1.1
17828910,192.168.1.1
17829165,192.168.1.1
17877980,192.168.1.1
18050484,192.168.1.1
18095715,192.168.1.1
18189907,192.168.1.1
18407723,192.168.1.1
18501894,192.168.1.1
18719704,192.168.1.1
18813897,192.168.1.1
19016140,192.168.1.1
19126001,192.168.1.1
19265383,192.168.1.1
19276032,192.168.1.1
19343706,192.168.1.1
19437987,192.168.1.1
19655715,192.168.1.1
19749884,192.168.1.1
19967683,192.168.1.1
20061975,192.168.1.1
20279703,192.168.1.1
20373934,192.168.1.1
20591696,192.168.1.1
20686105,192.168.1.1
20715066,192.168.1.1
20725323,192.168.1.1
20725931,192.168.1.1
20726159,192.168.1.1
20726405,192.168.1.1
20726654,192.168.1.1
20726909,192.168.1.1
20727154,192.168.1.1
20727411,192.168.1.1
20727654,192.168.1.1
20727904,192.168.1.1
20728151,192.168.1.1
20728399,192.168.1.1
20728647,192.168.1.1
20903692,192.168.1.1
20950498,192.168.1.1
20997896,192.168.1.1
21215695,192.168.1.1
21309925,192.168.1.1
21527655,192.168.1.1
21621886,192.168.1.1
21839678,192.168.1.1
21933848,192.168.1.1
22151665,192.168.1.1
22164892,192.168.1.1
22176491,192.168.1.1
22245899,192.168.1.1
22463656,192.168.1.1
22557855,192.168.1.1
22775630,192.168.1.1
22869921,192.168.1.1
23087622,192.168.1.1
23181985,192.168.1.1
23399638,192.168.1.1
23493980,192.168.1.1
23615126,192.168.1.1
23625343,192.168.1.1
23626502,192.168.1.1
23626729,192.168.1.1
23626978,192.168.1.1
23627224,192.168.1.1
23627471,192.168.1.1
23627725,192.168.1.1
23627974,192.168.1.1
23628222,192.168.1.1
23628469,192.168.1.1
23628722,192.168.1.1
23628973,192.168.1.1
23629219,192.168.1.1
23711610,192.168.1.1
23805840,192.168.1.1
23849603,192.168.1.1
24023605,192.168.1.1
24118053,192.168.1.1
24335618,192.168.1.1
24429825,192.168.1.1
24647621,192.168.1.1
24741813,192.168.1.1
24959604,192.168.1.1
25053976,192.168.1.1
25065464,192.168.1.1
25076526,192.168.1.1
25271622,192.168.1.1
25365780,192.168.1.1
25583613,192.168.1.1
25677982,192.168.1.1
25895621,192.168.1.1
25989787,192.168.1.1
26207578,192.168.1.1
26301807,192.168.1.1
26515171,192.168.1.1
26519552,192.168.1.1
26525438,192.168.1.1
26525983,192.168.1.1
26526224,192.168.1.1
26526479,192.168.1.1
26526726,192.168.1.1
26526977,192.168.1.1
26527222,192.168.1.1
26527475,192.168.1.1
26527723,192.168.1.1
26527970,192.168.1.1
26528225,192.168.1.1
26528471,192.168.1.1
26528720,192.168.1.1
26613876,192.168.1.1
26749624,192.168.1.1
26831576,192.168.1.1
26925755,192.168.1.1
27143582,192.168.1.1
27238097,192.168.1.1
27455571,192.168.1.1
27549736,192.168.1.1
27767574,192.168.1.1
27862089,192.168.1.1
27964901,192.168.1.1
27966548,192.168.1.1
28079572,192.168.1.1
28174321,192.168.1.1
28391555,192.168.1.1
28485739,192.168.1.1
28703531,192.168.1.1
28797698,192.168.1.1
29015536,192.168.1.1
29109826,192.168.1.1
29327546,192.168.1.1
29405227,192.168.1.1
29415461,192.168.1.1
29416201,192.168.1.1
29416433,192.168.1.1
29416680,192.168.1.1
29416930,192.168.1.1
29417180,192.168.1.1
29417429,192.168.1.1
29417677,192.168.1.1
29417926,192.168.1.1
29418179,192.168.1.1
29418427,192.168.1.1
29418674,192.168.1.1
29418924,192.168.1.1
29421695,192.168.1.1
29640344,192.168.1.1
29655115,192.168.1.1
29733706,192.168.1.1
29951519,192.168.1.1
30046210,192.168.1.1
30263508,192.168.1.1
30357754,192.168.1.1
30575502,192.168.1.1
30669700,192.168.1.1
30855188,192.168.1.1
30866198,192.168.1.1
30887487,192.168.1.1
30981688,192.168.1.1
31199490,192.168.1.1
31294081,192.168.1.1
31511482,192.168.1.1
31605708,192.168.1.1
31823506,192.168.1.1
31882354,192.168.1.1
31917663,192.168.1.1
32135502,192.168.1.1
32229676,192.168.1.1
32305222,192.168.1.1
32315473,192.168.1.1
32315701,192.168.1.1
32315953,192.168.1.1
32316201,192.168.1.1
32316448,192.168.1.1
32316696,192.168.1.1
32316960,192.168.1.1
32317200,192.168.1.1
32317446,192.168.1.1
32317693,192.168.1.1
32317949,192.168.1.1
32318196,192.168.1.1
32318443,192.168.1.1
32447495,192.168.1.1
32539459,192.168.1.1
32541648,192.168.1.1
32759478,192.168.1.1
32857012,192.168.1.1
33087066,192.168.1.1
33165766,192.168.1.1
33383481,192.168.1.1
33477658,192.168.1.1
33695468,192.168.1.1
33754727,192.168.1.1
33756188,192.168.1.1
33789617,192.168.1.1
34007463,192.168.1.1
34101656,192.168.1.1
34319455,192.168.1.1
34413759,192.168.1.1
34631440,192.168.1.1
34725636,192.168.1.1
34943451,192.168.1.1
35037708,192.168.1.1
35195283,192.168.1.1
35205492,192.168.1.1
35205939,192.168.1.1
35206181,192.168.1.1
35206429,192.168.1.1
35206684,192.168.1.1
35206933,192.168.1.1
35207178,192.168.1.1
35207426,192.168.1.1
35207681,192.168.1.1
35207928,192.168.1.1
35208176,192.168.1.1
35208423,192.168.1.1
35208679,192.168.1.1
35255421,192.168.1.1
35349628,192.168.1.1
35429755,192.168.1.1
35567402,192.168.1.1
35661673,192.168.1.1
35879402,192.168.1.1
35973594,192.168.1.1
36175797,192.168.1.1
36285836,192.168.1.1
36503406,192.168.1.1
36597845,192.168.1.1
36644862,192.168.1.1
36646658,192.168.1.1
36815410,192.168.1.1
36909596,192.168.1.1
37127366,192.168.1.1
37221753,192.168.1.1
37439398,192.168.1.1
37533572,192.168.1.1
37751397,192.168.1.1
37845848,192.168.1.1
38063387,192.168.1.1
38085322,192.168.1.1
38095587,192.168.1.1
38096170,192.168.1.1
38096400,192.168.1.1
38096647,192.168.1.1
38096896,192.168.1.1
38097150,192.168.1.1
38097397,192.168.1.1
38097644,192.168.1.1
38097893,192.168.1.1
38098147,192.168.1.1
38098395,192.168.1.1
38098643,192.168.1.1
38098893,192.168.1.1
38157608,192.168.1.1
38319480,192.168.1.1
38375361,192.168.1.1
38469601,192.168.1.1
38687365,192.168.1.1
38781719,192.168.1.1
38999368,192.168.1.1
39124852,192.168.1.1
39326963,192.168.1.1
39436780,192.168.1.1
39535132,192.168.1.1
39546725,192.168.1.1
39654537,192.168.1.1
39748790,192.168.1.1
39966575,192.168.1.1
40060762,192.168.1.1
40278549,192.168.1.1
40372748,192.168.1.1
40590553,192.168.1.1
40684710,192.168.1.1
40902528,192.168.1.1
40985347,192.168.1.1
40995619,192.168.1.1
40996672,192.168.1.1
40996701,192.168.1.1
40996957,192.168.1.1
40997204,192.168.1.1
40997452,192.168.1.1
40997699,192.168.1.1
40997948,192.168.1.1
40998202,192.168.1.1
40998450,192.168.1.1
40998699,192.168.1.1
40998947,192.168.1.1
40999200,192.168.1.1
40999447,192.168.1.1
41214497,192.168.1.1
41219858,192.168.1.1
41308735,192.168.1.1
41526525,192.168.1.1
41620716,192.168.1.1
41838525,192.168.1.1
41932718,192.168.1.1
42150492,192.168.1.1
42244835,192.168.1.1
42435712,192.168.1.1
42446346,192.168.1.1
42462505,192.168.1.1
42556679,192.168.1.1
42774499,192.168.1.1
42869579,192.168.1.1
43086822,192.168.1.1
43180758,192.168.1.1
43398491,192.168.1.1
43492685,192.168.1.1
43694900,192.168.1.1
43805425,192.168.1.1
43885359,192.168.1.1
43895625,192.168.1.1
43896192,192.168.1.1
43896433,192.168.1.1
43896681,192.168.1.1
43896938,192.168.1.1
43897182,192.168.1.1
43897430,192.168.1.1
43897678,192.168.1.1
43897933,192.168.1.1
43898181,192.168.1.1
43898429,192.168.1.1
43898677,192.168.1.1
43898932,192.168.1.1
44022486,192.168.1.1
44116704,192.168.1.1
44119585,192.168.1.1
44334474,192.168.1.1
44428635,192.168.1.1
44646483,192.168.1.1
44740860,192.168.1.1
44958477,192.168.1.1
45052703,192.168.1.1
45270436,192.168.1.1
45335117,192.168.1.1
45336336,192.168.1.1
45364662,192.168.1.1
45566860,192.168.1.1
45676658,192.168.1.1
45894475,192.168.1.1
45988727,192.168.1.1
46206473,192.168.1.1
46301302,192.168.1.1
46518432,192.168.1.1
46612599,192.168.1.1
46775406,192.168.1.1
46785652,192.168.1.1
46786431,192.168.1.1
46786660,192.168.1.1
46786908,192.168.1.1
46787153,192.168.1.1
46787401,192.168.1.1
46787653,192.168.1.1
46787902,192.168.1.1
46788150,192.168.1.1
46788398,192.168.1.1
46788651,192.168.1.1
46788902,192.168.1.1
46789148,192.168.1.1
46830420,192.168.1.1
46924614,192.168.1.1
47009920,192.168.1.1
47142448,192.168.1.1
47236858,192.168.1.1
47454422,192.168.1.1
47548552,192.168.1.1
47766431,192.168.1.1
47861003,192.168.1.1
48078403,192.168.1.1
48172796,192.168.1.1
48225386,192.168.1.1
48236824,192.168.1.1
48374793,192.168.1.1
48484585,192.168.1.1
48702430,192.168.1.1
48796633,192.168.1.1
49014408,192.168.1.1
49108597,192.168.1.1
49326388,192.168.1.1
49420594,192.168.1.1
49638385,192.168.1.1
49675487,192.168.1.1
49685749,192.168.1.1
49686976,192.168.1.1
49687195,192.168.1.1
49687456,192.168.1.1
49687695,192.168.1.1
49687944,192.168.1.1
49688191,192.168.1.1
49688445,192.168.1.1
49688692,192.168.1.1
49688942,192.168.1.1
49689188,192.168.1.1
49689443,192.168.1.1
49689689,192.168.1.1
49732620,192.168.1.1
49909626,192.168.1.1
49950400,192.168.1.1
50044548,192.168.1.1
50246754,192.168.1.1
50356656,192.168.1.1
50574369,192.168.1.1
50668573,192.168.1.1
50886369,192.168.1.1
50980580,192.168.1.1
51125935,192.168.1.1
51136859,192.168.1.1
51198355,192.168.1.1
51293031,192.168.1.1
51510385,192.168.1.1
51604529,192.168.1.1
51822343,192.168.1.1
51916851,192.168.1.1
52134356,192.168.1.1
52228506,192.168.1.1
52446340,192.168.1.1
52540523,192.168.1.1
52575468,192.168.1.1
52585730,192.168.1.1
52586443,192.168.1.1
52586681,192.168.1.1
52586932,192.168.1.1
52587183,192.168.1.1
52587431,192.168.1.1
52587678,192.168.1.1
52587927,192.168.1.1
52588182,192.168.1.1
52588429,192.168.1.1
52588676,192.168.1.1
52588926,192.168.1.1
52589179,192.168.1.1
52758338,192.168.1.1
52809941,192.168.1.1
52852559,192.168.1.1
53070322,192.168.1.1
53164509,192.168.1.1
53382345,192.168.1.1
53476526,192.168.1.1
53694321,192.168.1.1
53788541,192.168.1.1
54006335,192.168.1.1
54025380,192.168.1.1
54036500,192.168.1.1
54100495,192.168.1.1
54318310,192.168.1.1
54413339,192.168.1.1
54630302,192.168.1.1
54724576,192.168.1.1
54942314,192.168.1.1
55036553,192.168.1.1
55254288,192.168.1.1
55348776,192.168.1.1
55475556,192.168.1.1
55485806,192.168.1.1
55487001,192.168.1.1
55487222,192.168.1.1
55487467,192.168.1.1
55487717,192.168.1.1
55487971,192.168.1.1
55488220,192.168.1.1
55488466,192.168.1.1
55488715,192.168.1.1
55488965,192.168.1.1
55489215,192.168.1.1
55489464,192.168.1.1
55489712,192.168.1.1
55566273,192.168.1.1
55660627,192.168.1.1
55710982,192.168.1.1
55878301,192.168.1.1
55972633,192.168.1.1
56190306,192.168.1.1
56284609,192.168.1.1
56486749,192.168.1.1
56596476,192.168.1.1
56814253,192.168.1.1
56908532,192.168.1.1
56925969,192.168.1.1
56936530,192.168.1.1
57126290,192.168.1.1
57220458,192.168.1.1
57438290,192.168.1.1
57532459,192.168.1.1
57750291,192.168.1.1
57844459,192.168.1.1
58046685,192.168.1.1
58156473,192.168.1.1
58374193,192.168.1.1
58375605,192.168.1.1
58385871,192.168.1.1
58386498,192.168.1.1
58386736,192.168.1.1
58386989,192.168.1.1
58387235,192.168.1.1
58387482,192.168.1.1
58387731,192.168.1.1
58387986,192.168.1.1
58388232,192.168.1.1
58388480,192.168.1.1
58388728,192.168.1.1
58388984,192.168.1.1
58389229,192.168.1.1
58469214,192.168.1.1
58609804,192.168.1.1
58686240,192.168.1.1
58796068,192.168.1.1
59013852,192.168.1.1
59108016,192.168.1.1
59325841,192.168.1.1
59420060,192.168.1.1
59637812,192.168.1.1
59732018,192.168.1.1
59825520,192.168.1.1
59836998,192.168.1.1
59949820,192.168.1.1
