194218,"['192.168.1.1', '192.168.1.1']"
538383,"['192.168.1.1', '192.168.1.1', '192.168.1.1', '192.168.1.1', '192.168.1.1', '192.168.1.1', '192.168.1.1', '192.168.1.1', '192.168.1.1', '192.168.1.1', '192.168.1.1', '192.168.1.1', '192.168.1.1', '192.168.1.1', '192.168.1.1', '192.168.1.1']"
818275,"['192.168.1.1', '192.168.1.1', '192.168.1.1']"
1000000,['192.168.1.1']
1130198,['192.168.1.1']
1442394,"['192.168.1.1', '192.168.1.1']"
1754872,"['192.168.1.1', '192.168.1.1']"
2000000,"['192.168.1.1', '192.168.1.1', '192.168.1.1', '192.168.1.1']"
2378163,"['192.168.1.1', '192.168.1.1']"
2690137,"['192.168.1.1', '192.168.1.1']"
3000000,"['192.168.1.1', '192.168.1.1']"
3314128,"['192.168.1.1', '192.168.1.1']"
3659296,"['192.168.1.1', '192.168.1.1', '192.168.1.1', '192.168.1.1', '192.168.1.1', '192.168.1.1', '192.168.1.1', '192.168.1.1', '192.168.1.1', '192.168.1.1', '192.168.1.1', '192.168.1.1', '192.168.1.1', '192.168.1.1', '192.168.1.1', '192.168.1.1', '192.168.1.1']"
3938446,"['192.168.1.1', '192.168.1.1']"
4250132,"['192.168.1.1', '192.168.1.1']"
4562148,"['192.168.1.1', '192.168.1.1']"
4886234,"['192.168.1.1', '192.168.1.1', '192.168.1.1', '192.168.1.1']"
5000000,['192.168.1.1']
5186152,['192.168.1.1']
5498161,"['192.168.1.1', '192.168.1.1']"
5810565,"['192.168.1.1', '192.168.1.1']"
6000000,['192.168.1.1']
6122329,['192.168.1.1']
6434090,"['192.168.1.1', '192.168.1.1', '192.168.1.1', '192.168.1.1', '192.168.1.1', '192.168.1.1', '192.168.1.1', '192.168.1.1', '192.168.1.1', '192.168.1.1', '192.168.1.1', '192.168.1.1', '192.168.1.1', '192.168.1.1', '192.168.1.1', '192.168.1.1']"
6636345,"['192.168.1.1', '192.168.1.1']"
6746134,['192.168.1.1']
7000000,"['192.168.1.1', '192.168.1.1']"
7370289,"['192.168.1.1', '192.168.1.1']"
7785859,"['192.168.1.1', '192.168.1.1', '192.168.1.1', '192.168.1.1']"
7994565,"['192.168.1.1', '192.168.1.1']"
8306192,"['192.168.1.1', '192.168.1.1']"
8618231,"['192.168.1.1', '192.168.1.1']"
8930169,"['192.168.1.1', '192.168.1.1']"
9242089,"['192.168.1.1', '192.168.1.1', '192.168.1.1', '192.168.1.1', '192.168.1.1', '192.168.1.1', '192.168.1.1', '192.168.1.1', '192.168.1.1', '192.168.1.1', '192.168.1.1', '192.168.1.1', '192.168.1.1', '192.168.1.1', '192.168.1.1', '192.168.1.1']"
9554042,"['192.168.1.1', '192.168.1.1', '192.168.1.1']"
9866109,"['192.168.1.1', '192.168.1.1']"
10000000,['192.168.1.1']
10178262,['192.168.1.1']
10490284,"['192.168.1.1', '192.168.1.1']"
10802028,"['192.168.1.1', '192.168.1.1', '192.168.1.1', '192.168.1.1']"
11000000,['192.168.1.1']
11114153,['192.168.1.1']
11426127,"['192.168.1.1', '192.168.1.1']"
11738280,"['192.168.1.1', '192.168.1.1']"
12000000,"['192.168.1.1', '192.168.1.1']"
12138412,"['192.168.1.1', '192.168.1.1', '192.168.1.1', '192.168.1.1', '192.168.1.1', '192.168.1.1', '192.168.1.1', '192.168.1.1', '192.168.1.1', '192.168.1.1', '192.168.1.1', '192.168.1.1', '192.168.1.1', '192.168.1.1']"
12362135,"['192.168.1.1', '192.168.1.1', '192.168.1.1']"
12674151,"['192.168.1.1', '192.168.1.1']"
12986050,"['192.168.1.1', '192.168.1.1']"
13298217,"['192.168.1.1', '192.168.1.1']"
13610013,"['192.168.1.1', '192.168.1.1', '192.168.1.1', '192.168.1.1']"
13921990,"['192.168.1.1', '192.168.1.1']"
14233983,"['192.168.1.1', '192.168.1.1']"
14545972,"['192.168.1.1', '192.168.1.1']"
14858430,"['192.168.1.1', '192.168.1.1']"
15000000,"['192.168.1.1', '192.168.1.1', '192.168.1.1', '192.168.1.1', '192.168.1.1', '192.168.1.1', '192.168.1.1', '192.168.1.1', '192.168.1.1', '192.168.1.1', '192.168.1.1', '192.168.1.1', '192.168.1.1', '192.168.1.1', '192.168.1.1']"
15250457,"['192.168.1.1', '192.168.1.1']"
15481990,"['192.168.1.1', '192.168.1.1']"
15794509,"['192.168.1.1', '192.168.1.1']"
16000000,['192.168.1.1']
16106162,['192.168.1.1']
16475961,"['192.168.1.1', '192.168.1.1', '192.168.1.1', '192.168.1.1']"
16729928,"['192.168.1.1', '192.168.1.1']"
17000000,"['192.168.1.1', '192.168.1.1']"
17354618,"['192.168.1.1', '192.168.1.1']"
17666733,"['192.168.1.1', '192.168.1.1']"
17977980,"['192.168.1.1', '192.168.1.1', '192.168.1.1', '192.168.1.1', '192.168.1.1', '192.168.1.1', '192.168.1.1', '192.168.1.1', '192.168.1.1', '192.168.1.1', '192.168.1.1', '192.168.1.1', '192.168.1.1', '192.168.1.1', '192.168.1.1', '192.168.1.1']"
18289907,"['192.168.1.1', '192.168.1.1', '192.168.1.1']"
18601894,"['192.168.1.1', '192.168.1.1']"
18913897,"['192.168.1.1', '192.168.1.1']"
19116140,['192.168.1.1']
19226001,['192.168.1.1']
19537987,"['192.168.1.1', '192.168.1.1', '192.168.1.1', '192.168.1.1']"
19849884,"['192.168.1.1', '192.168.1.1']"
20000000,['192.168.1.1']
20161975,['192.168.1.1']
20473934,"['192.168.1.1', '192.168.1.1']"
20828647,"['192.168.1.1', '192.168.1.1', '192.168.1.1', '192.168.1.1', '192.168.1.1', '192.168.1.1', '192.168.1.1', '192.168.1.1', '192.168.1.1', '192.168.1.1', '192.168.1.1', '192.168.1.1', '192.168.1.1', '192.168.1.1', '192.168.1.1', '192.168.1.1']"
21000000,"['192.168.1.1', '192.168.1.1', '192.168.1.1']"
21409925,"['192.168.1.1', '192.168.1.1']"
21721886,"['192.168.1.1', '192.168.1.1']"
22000000,"['192.168.1.1', '192.168.1.1']"
22345899,"['192.168.1.1', '192.168.1.1', '192.168.1.1', '192.168.1.1']"
22657855,"['192.168.1.1', '192.168.1.1']"
22969921,"['192.168.1.1', '192.168.1.1']"
23281985,"['192.168.1.1', '192.168.1.1']"
23593980,"['192.168.1.1', '192.168.1.1']"
23949603,"['192.168.1.1', '192.168.1.1', '192.168.1.1', '192.168.1.1', '192.168.1.1', '192.168.1.1', '192.168.1.1', '192.168.1.1', '192.168.1.1', '192.168.1.1', '192.168.1.1', '192.168.1.1', '192.168.1.1', '192.168.1.1', '192.168.1.1', '192.168.1.1', '192.168.1.1']"
24218053,"['192.168.1.1', '192.168.1.1']"
24529825,"['192.168.1.1', '192.168.1.1']"
24841813,"['192.168.1.1', '192.168.1.1']"
25000000,['192.168.1.1']
25176526,"['192.168.1.1', '192.168.1.1', '192.168.1.1']"
25465780,"['192.168.1.1', '192.168.1.1']"
25777982,"['192.168.1.1', '192.168.1.1']"
26000000,"['192.168.1.1', '192.168.1.1']"
26401807,"['192.168.1.1', '192.168.1.1']"
26713876,"['192.168.1.1', '192.168.1.1', '192.168.1.1', '192.168.1.1', '192.168.1.1', '192.168.1.1', '192.168.1.1', '192.168.1.1', '192.168.1.1', '192.168.1.1', '192.168.1.1', '192.168.1.1', '192.168.1.1', '192.168.1.1', '192.168.1.1', '192.168.1.1']"
27000000,"['192.168.1.1', '192.168.1.1', '192.168.1.1']"
27338097,"['192.168.1.1', '192.168.1.1']"
27649736,"['192.168.1.1', '192.168.1.1']"
27962089,"['192.168.1.1', '192.168.1.1']"
28000000,"['192.168.1.1', '192.168.1.1']"
28274321,"['192.168.1.1', '192.168.1.1']"
28585739,"['192.168.1.1', '192.168.1.1']"
28897698,"['192.168.1.1', '192.168.1.1']"
29209826,"['192.168.1.1', '192.168.1.1']"
29521695,"['192.168.1.1', '192.168.1.1', '192.168.1.1', '192.168.1.1', '192.168.1.1', '192.168.1.1', '192.168.1.1', '192.168.1.1', '192.168.1.1', '192.168.1.1', '192.168.1.1', '192.168.1.1', '192.168.1.1', '192.168.1.1', '192.168.1.1', '192.168.1.1']"
29833706,"['192.168.1.1', '192.168.1.1', '192.168.1.1']"
30000000,['192.168.1.1']
30146210,['192.168.1.1']
30457754,"['192.168.1.1', '192.168.1.1']"
30769700,"['192.168.1.1', '192.168.1.1']"
31000000,"['192.168.1.1', '192.168.1.1', '192.168.1.1', '192.168.1.1']"
31394081,"['192.168.1.1', '192.168.1.1']"
31705708,"['192.168.1.1', '192.168.1.1']"
32000000,"['192.168.1.1', '192.168.1.1', '192.168.1.1']"
32418443,"['192.168.1.1', '192.168.1.1', '192.168.1.1', '192.168.1.1', '192.168.1.1', '192.168.1.1', '192.168.1.1', '192.168.1.1', '192.168.1.1', '192.168.1.1', '192.168.1.1', '192.168.1.1', '192.168.1.1', '192.168.1.1', '192.168.1.1', '192.168.1.1']"
32641648,"['192.168.1.1', '192.168.1.1', '192.168.1.1']"
32957012,"['192.168.1.1', '192.168.1.1']"
33265766,"['192.168.1.1', '192.168.1.1']"
33577658,"['192.168.1.1', '192.168.1.1']"
33889617,"['192.168.1.1', '192.168.1.1', '192.168.1.1', '192.168.1.1']"
34201656,"['192.168.1.1', '192.168.1.1']"
34513759,"['192.168.1.1', '192.168.1.1']"
34825636,"['192.168.1.1', '192.168.1.1']"
35000000,['192.168.1.1']
35137708,['192.168.1.1']
35529755,"['192.168.1.1', '192.168.1.1', '192.168.1.1', '192.168.1.1', '192.168.1.1', '192.168.1.1', '192.168.1.1', '192.168.1.1', '192.168.1.1', '192.168.1.1', '192.168.1.1', '192.168.1.1', '192.168.1.1', '192.168.1.1', '192.168.1.1', '192.168.1.1', '192.168.1.1']"
35761673,"['192.168.1.1', '192.168.1.1']"
36000000,"['192.168.1.1', '192.168.1.1']"
36275797,['192.168.1.1']
36385836,['192.168.1.1']
36746658,"['192.168.1.1', '192.168.1.1', '192.168.1.1', '192.168.1.1']"
37000000,"['192.168.1.1', '192.168.1.1']"
37321753,"['192.168.1.1', '192.168.1.1']"
37633572,"['192.168.1.1', '192.168.1.1']"
37945848,"['192.168.1.1', '192.168.1.1']"
38257608,"['192.168.1.1', '192.168.1.1', '192.168.1.1', '192.168.1.1', '192.168.1.1', '192.168.1.1', '192.168.1.1', '192.168.1.1', '192.168.1.1', '192.168.1.1', '192.168.1.1', '192.168.1.1', '192.168.1.1', '192.168.1.1', '192.168.1.1', '192.168.1.1']"
38569601,"['192.168.1.1', '192.168.1.1', '192.168.1.1']"
38881719,"['192.168.1.1', '192.168.1.1']"
39000000,['192.168.1.1']
39224852,['192.168.1.1']
39426963,['192.168.1.1']
39646725,"['192.168.1.1', '192.168.1.1', '192.168.1.1']"
39848790,"['192.168.1.1', '192.168.1.1']"
40000000,['192.168.1.1']
40160762,['192.168.1.1']
40472748,"['192.168.1.1', '192.168.1.1']"
40784710,"['192.168.1.1', '192.168.1.1']"
41000000,"['192.168.1.1', '192.168.1.1', '192.168.1.1', '192.168.1.1', '192.168.1.1', '192.168.1.1', '192.168.1.1', '192.168.1.1', '192.168.1.1', '192.168.1.1', '192.168.1.1', '192.168.1.1', '192.168.1.1', '192.168.1.1', '192.168.1.1', '192.168.1.1']"
41408735,"['192.168.1.1', '192.168.1.1', '192.168.1.1']"
41720716,"['192.168.1.1', '192.168.1.1']"
42000000,"['192.168.1.1', '192.168.1.1']"
42344835,"['192.168.1.1', '192.168.1.1']"
42656679,"['192.168.1.1', '192.168.1.1', '192.168.1.1', '192.168.1.1']"
42969579,"['192.168.1.1', '192.168.1.1']"
43280758,"['192.168.1.1', '192.168.1.1']"
43592685,"['192.168.1.1', '192.168.1.1']"
43794900,['192.168.1.1']
43998932,"['192.168.1.1', '192.168.1.1', '192.168.1.1', '192.168.1.1', '192.168.1.1', '192.168.1.1', '192.168.1.1', '192.168.1.1', '192.168.1.1', '192.168.1.1', '192.168.1.1', '192.168.1.1', '192.168.1.1', '192.168.1.1', '192.168.1.1']"
44219585,"['192.168.1.1', '192.168.1.1', '192.168.1.1']"
44528635,"['192.168.1.1', '192.168.1.1']"
44840860,"['192.168.1.1', '192.168.1.1']"
45000000,['192.168.1.1']
45152703,['192.168.1.1']
45464662,"['192.168.1.1', '192.168.1.1', '192.168.1.1', '192.168.1.1']"
45666860,['192.168.1.1']
45776658,['192.168.1.1']
46000000,"['192.168.1.1', '192.168.1.1']"
46401302,"['192.168.1.1', '192.168.1.1']"
46712599,"['192.168.1.1', '192.168.1.1']"
47000000,"['192.168.1.1', '192.168.1.1', '192.168.1.1', '192.168.1.1', '192.168.1.1', '192.168.1.1', '192.168.1.1', '192.168.1.1', '192.168.1.1', '192.168.1.1', '192.168.1.1', '192.168.1.1', '192.168.1.1', '192.168.1.1', '192.168.1.1', '192.168.1.1']"
47109920,['192.168.1.1']
47336858,"['192.168.1.1', '192.168.1.1']"
47648552,"['192.168.1.1', '192.168.1.1']"
47961003,"['192.168.1.1', '192.168.1.1']"
48336824,"['192.168.1.1', '192.168.1.1', '192.168.1.1', '192.168.1.1']"
48474793,['192.168.1.1']
48584585,['192.168.1.1']
48896633,"['192.168.1.1', '192.168.1.1']"
49208597,"['192.168.1.1', '192.168.1.1']"
49520594,"['192.168.1.1', '192.168.1.1']"
49832620,"['192.168.1.1', '192.168.1.1', '192.168.1.1', '192.168.1.1', '192.168.1.1', '192.168.1.1', '192.168.1.1', '192.168.1.1', '192.168.1.1', '192.168.1.1', '192.168.1.1', '192.168.1.1', '192.168.1.1', '192.168.1.1', '192.168.1.1', '192.168.1.1']"
50000000,"['192.168.1.1', '192.168.1.1']"
50144548,['192.168.1.1']
50346754,['192.168.1.1']
50456656,['192.168.1.1']
50768573,"['192.168.1.1', '192.168.1.1']"
51000000,"['192.168.1.1', '192.168.1.1']"
51393031,"['192.168.1.1', '192.168.1.1', '192.168.1.1', '192.168.1.1']"
51704529,"['192.168.1.1', '192.168.1.1']"
52000000,"['192.168.1.1', '192.168.1.1']"
52328506,"['192.168.1.1', '192.168.1.1']"
52689179,"['192.168.1.1', '192.168.1.1', '192.168.1.1', '192.168.1.1', '192.168.1.1', '192.168.1.1', '192.168.1.1', '192.168.1.1', '192.168.1.1', '192.168.1.1', '192.168.1.1', '192.168.1.1', '192.168.1.1', '192.168.1.1', '192.168.1.1', '192.168.1.1']"
52952559,"['192.168.1.1', '192.168.1.1', '192.168.1.1']"
53264509,"['192.168.1.1', '192.168.1.1']"
53576526,"['192.168.1.1', '192.168.1.1']"
53888541,"['192.168.1.1', '192.168.1.1']"
54200495,"['192.168.1.1', '192.168.1.1', '192.168.1.1', '192.168.1.1']"
54513339,"['192.168.1.1', '192.168.1.1']"
54824576,"['192.168.1.1', '192.168.1.1']"
55000000,['192.168.1.1']
55136553,['192.168.1.1']
55448776,"['192.168.1.1', '192.168.1.1']"
55810982,"['192.168.1.1', '192.168.1.1', '192.168.1.1', '192.168.1.1', '192.168.1.1', '192.168.1.1', '192.168.1.1', '192.168.1.1', '192.168.1.1', '192.168.1.1', '192.168.1.1', '192.168.1.1', '192.168.1.1', '192.168.1.1', '192.168.1.1', '192.168.1.1', '192.168.1.1']"
56000000,"['192.168.1.1', '192.168.1.1']"
56384609,"['192.168.1.1', '192.168.1.1']"
56586749,['192.168.1.1']
56696476,['192.168.1.1']
57000000,"['192.168.1.1', '192.168.1.1', '192.168.1.1', '192.168.1.1']"
57320458,"['192.168.1.1', '192.168.1.1']"
57632459,"['192.168.1.1', '192.168.1.1']"
57944459,"['192.168.1.1', '192.168.1.1']"
58146685,['192.168.1.1']
58256473,['192.168.1.1']
58569214,"['192.168.1.1', '192.168.1.1', '192.168.1.1', '192.168.1.1', '192.168.1.1', '192.168.1.1', '192.168.1.1', '192.168.1.1', '192.168.1.1', '192.168.1.1', '192.168.1.1', '192.168.1.1', '192.168.1.1', '192.168.1.1', '192.168.1.1', '192.168.1.1']"
58786240,"['192.168.1.1', '192.168.1.1']"
58896068,['192.168.1.1']
59208016,"['192.168.1.1', '192.168.1.1']"
59520060,"['192.168.1.1', '192.168.1.1']"
59936998,"['192.168.1.1', '192.168.1.1', '192.168.1.1', '192.168.1.1']"
