194218,"['192.168.1.1', '192.168.1.1']",packet_timer
538383,"['192.168.1.1', '192.168.1.1', '192.168.1.1', '192.168.1.1', '192.168.1.1', '192.168.1.1', '192.168.1.1', '192.168.1.1', '192.168.1.1', '192.168.1.1', '192.168.1.1', '192.168.1.1', '192.168.1.1', '192.168.1.1', '192.168.1.1', '192.168.1.1']",packet_timer
818275,"['192.168.1.1', '192.168.1.1', '192.168.1.1']",packet_timer
1000000,['192.168.1.1'],absolute_timer
1130198,['192.168.1.1'],packet_timer
1442394,"['192.168.1.1', '192.168.1.1']",packet_timer
1754872,"['192.168.1.1', '192.168.1.1']",packet_timer
2000000,"['192.168.1.1', '192.168.1.1', '192.168.1.1', '192.168.1.1']",absolute_timer
2378163,"['192.168.1.1', '192.168.1.1']",packet_timer
2690137,"['192.168.1.1', '192.168.1.1']",packet_timer
3000000,"['192.168.1.1', '192.168.1.1']",absolute_timer
3314128,"['192.168.1.1', '192.168.1.1']",packet_timer
3659296,"['192.168.1.1', '192.168.1.1', '192.168.1.1', '192.168.1.1', '192.168.1.1', '192.168.1.1', '192.168.1.1', '192.168.1.1', '192.168.1.1', '192.168.1.1', '192.168.1.1', '192.168.1.1', '192.168.1.1', '192.168.1.1', '192.168.1.1', '192.168.1.1', '192.168.1.1']",packet_timer
3938446,"['192.168.1.1', '192.168.1.1']",packet_timer
4250132,"['192.168.1.1', '192.168.1.1']",packet_timer
4562148,"['192.168.1.1', '192.168.1.1']",packet_timer
4886234,"['192.168.1.1', '192.168.1.1', '192.168.1.1', '192.168.1.1']",packet_timer
5000000,['192.168.1.1'],absolute_timer
5186152,['192.168.1.1'],packet_timer
5498161,"['192.168.1.1', '192.168.1.1']",packet_timer
5810565,"['192.168.1.1', '192.168.1.1']",packet_timer
6000000,['192.168.1.1'],absolute_timer
6122329,['192.168.1.1'],packet_timer
6434090,"['192.168.1.1', '192.168.1.1', '192.168.1.1', '192.168.1.1', '192.168.1.1', '192.168.1.1', '192.168.1.1', '192.168.1.1', '192.168.1.1', '192.168.1.1', '192.168.1.1', '192.168.1.1', '192.168.1.1', '192.168.1.1', '192.168.1.1', '192.168.1.1']",packet_timer
6636345,"['192.168.1.1', '192.168.1.1']",packet_timer
6746134,['192.168.1.1'],packet_timer
7000000,"['192.168.1.1', '192.168.1.1']",absolute_timer
7370289,"['192.168.1.1', '192.168.1.1']",packet_timer
7785859,"['192.168.1.1', '192.168.1.1', '192.168.1.1', '192.168.1.1']",packet_timer
7994565,"['192.168.1.1', '192.168.1.1']",packet_timer
8306192,"['192.168.1.1', '192.168.1.1']",packet_timer
8618231,"['192.168.1.1', '192.168.1.1']",packet_timer
8930169,"['192.168.1.1', '192.168.1.1']",packet_timer
9242089,"['192.168.1.1', '192.168.1.1', '192.168.1.1', '192.168.1.1', '192.168.1.1', '192.168.1.1', '192.168.1.1', '192.168.1.1', '192.168.1.1', '192.168.1.1', '192.168.1.1', '192.168.1.1', '192.168.1.1', '192.168.1.1', '192.168.1.1', '192.168.1.1']",packet_timer
9554042,"['192.168.1.1', '192.168.1.1', '192.168.1.1']",packet_timer
9866109,"['192.168.1.1', '192.168.1.1']",packet_timer
10000000,['192.168.1.1'],absolute_timer
10178262,['192.168.1.1'],packet_timer
10490284,"['192.168.1.1', '192.168.1.1']",packet_timer
10802028,"['192.168.1.1', '192.168.1.1', '192.168.1.1', '192.168.1.1']",packet_timer
11000000,['192.168.1.1'],absolute_timer
11114153,['192.168.1.1'],packet_timer
11426127,"['192.168.1.1', '192.168.1.1']",packet_timer
11738280,"['192.168.1.1', '192.168.1.1']",packet_timer
12000000,"['192.168.1.1', '192.168.1.1']",absolute_timer
12138412,"['192.168.1.1', '192.168.1.1', '192.168.1.1', '192.168.1.1', '192.168.1.1', '192.168.1.1', '192.168.1.1', '192.168.1.1', '192.168.1.1', '192.168.1.1', '192.168.1.1', '192.168.1.1', '192.168.1.1', '192.168.1.1']",packet_timer
12362135,"['192.168.1.1', '192.168.1.1', '192.168.1.1']",packet_timer
12674151,"['192.168.1.1', '192.168.1.1']",packet_timer
12986050,"['192.168.1.1', '192.168.1.1']",packet_timer
13298217,"['192.168.1.1', '192.168.1.1']",packet_timer
13610013,"['192.168.1.1', '192.168.1.1', '192.168.1.1', '192.168.1.1']",packet_timer
13921990,"['192.168.1.1', '192.168.1.1']",packet_timer
14233983,"['192.168.1.1', '192.168.1.1']",packet_timer
14545972,"['192.168.1.1', '192.168.1.1']",packet_timer
14858430,"['192.168.1.1', '192.168.1.1']",packet_timer
15000000,"['192.168.1.1', '192.168.1.1', '192.168.1.1', '192.168.1.1', '192.168.1.1', '192.168.1.1', '192.168.1.1', '192.168.1.1', '192.168.1.1', '192.168.1.1', '192.168.1.1', '192.168.1.1', '192.168.1.1', '192.168.1.1', '192.168.1.1']",absolute_timer
15250457,"['192.168.1.1', '192.168.1.1']",packet_timer
15481990,"['192.168.1.1', '192.168.1.1']",packet_timer
15794509,"['192.168.1.1', '192.168.1.1']",packet_timer
16000000,['192.168.1.1'],absolute_timer
16106162,['192.168.1.1'],packet_timer
16475961,"['192.168.1.1', '192.168.1.1', '192.168.1.1', '192.168.1.1']",packet_timer
16729928,"['192.168.1.1', '192.168.1.1']",packet_timer
17000000,"['192.168.1.1', '192.168.1.1']",absolute_timer
17354618,"['192.168.1.1', '192.168.1.1']",packet_timer
17666733,"['192.168.1.1', '192.168.1.1']",packet_timer
17977980,"['192.168.1.1', '192.168.1.1', '192.168.1.1', '192.168.1.1', '192.168.1.1', '192.168.1.1', '192.168.1.1', '192.168.1.1', '192.168.1.1', '192.168.1.1', '192.168.1.1', '192.168.1.1', '192.168.1.1', '192.168.1.1', '192.168.1.1', '192.168.1.1']",packet_timer
18289907,"['192.168.1.1', '192.168.1.1', '192.168.1.1']",packet_timer
18601894,"['192.168.1.1', '192.168.1.1']",packet_timer
18913897,"['192.168.1.1', '192.168.1.1']",packet_timer
19116140,['192.168.1.1'],packet_timer
19226001,['192.168.1.1'],packet_timer
19537987,"['192.168.1.1', '192.168.1.1', '192.168.1.1', '192.168.1.1']",packet_timer
19849884,"['192.168.1.1', '192.168.1.1']",packet_timer
20000000,['192.168.1.1'],absolute_timer
20161975,['192.168.1.1'],packet_timer
20473934,"['192.168.1.1', '192.168.1.1']",packet_timer
20828647,"['192.168.1.1', '192.168.1.1', '192.168.1.1', '192.168.1.1', '192.168.1.1', '192.168.1.1', '192.168.1.1', '192.168.1.1', '192.168.1.1', '192.168.1.1', '192.168.1.1', '192.168.1.1', '192.168.1.1', '192.168.1.1', '192.168.1.1', '192.168.1.1']",packet_timer
21000000,"['192.168.1.1', '192.168.1.1', '192.168.1.1']",absolute_timer
21409925,"['192.168.1.1', '192.168.1.1']",packet_timer
21721886,"['192.168.1.1', '192.168.1.1']",packet_timer
22000000,"['192.168.1.1', '192.168.1.1']",absolute_timer
22345899,"['192.168.1.1', '192.168.1.1', '192.168.1.1', '192.168.1.1']",packet_timer
22657855,"['192.168.1.1', '192.168.1.1']",packet_timer
22969921,"['192.168.1.1', '192.168.1.1']",packet_timer
23281985,"['192.168.1.1', '192.168.1.1']",packet_timer
23593980,"['192.168.1.1', '192.168.1.1']",packet_timer
23949603,"['192.168.1.1', '192.168.1.1', '192.168.1.1', '192.168.1.1', '192.168.1.1', '192.168.1.1', '192.168.1.1', '192.168.1.1', '192.168.1.1', '192.168.1.1', '192.168.1.1', '192.168.1.1', '192.168.1.1', '192.168.1.1', '192.168.1.1', '192.168.1.1', '192.168.1.1']",packet_timer
24218053,"['192.168.1.1', '192.168.1.1']",packet_timer
24529825,"['192.168.1.1', '192.168.1.1']",packet_timer
24841813,"['192.168.1.1', '192.168.1.1']",packet_timer
25000000,['192.168.1.1'],absolute_timer
25176526,"['192.168.1.1', '192.168.1.1', '192.168.1.1']",packet_timer
25465780,"['192.168.1.1', '192.168.1.1']",packet_timer
25777982,"['192.168.1.1', '192.168.1.1']",packet_timer
26000000,"['192.168.1.1', '192.168.1.1']",absolute_timer
26401807,"['192.168.1.1', '192.168.1.1']",packet_timer
26713876,"['192.168.1.1', '192.168.1.1', '192.168.1.1', '192.168.1.1', '192.168.1.1', '192.168.1.1', '192.168.1.1', '192.168.1.1', '192.168.1.1', '192.168.1.1', '192.168.1.1', '192.168.1.1', '192.168.1.1', '192.168.1.1', '192.168.1.1', '192.168.1.1']",packet_timer
27000000,"['192.168.1.1', '192.168.1.1', '192.168.1.1']",absolute_timer
27338097,"['192.168.1.1', '192.168.1.1']",packet_timer
27649736,"['192.168.1.1', '192.168.1.1']",packet_timer
27962089,"['192.168.1.1', '192.168.1.1']",packet_timer
28000000,"['192.168.1.1', '192.168.1.1']",absolute_timer
28274321,"['192.168.1.1', '192.168.1.1']",packet_timer
28585739,"['192.168.1.1', '192.168.1.1']",packet_timer
28897698,"['192.168.1.1', '192.168.1.1']",packet_timer
29209826,"['192.168.1.1', '192.168.1.1']",packet_timer
29521695,"['192.168.1.1', '192.168.1.1', '192.168.1.1', '192.168.1.1', '192.168.1.1', '192.168.1.1', '192.168.1.1', '192.168.1.1', '192.168.1.1', '192.168.1.1', '192.168.1.1', '192.168.1.1', '192.168.1.1', '192.168.1.1', '192.168.1.1', '192.168.1.1']",packet_timer
29833706,"['192.168.1.1', '192.168.1.1', '192.168.1.1']",packet_timer
30000000,['192.168.1.1'],absolute_timer
30146210,['192.168.1.1'],packet_timer
30457754,"['192.168.1.1', '192.168.1.1']",packet_timer
30769700,"['192.168.1.1', '192.168.1.1']",packet_timer
31000000,"['192.168.1.1', '192.168.1.1', '192.168.1.1', '192.168.1.1']",absolute_timer
31394081,"['192.168.1.1', '192.168.1.1']",packet_timer
31705708,"['192.168.1.1', '192.168.1.1']",packet_timer
32000000,"['192.168.1.1', '192.168.1.1', '192.168.1.1']",absolute_timer
32418443,"['192.168.1.1', '192.168.1.1', '192.168.1.1', '192.168.1.1', '192.168.1.1', '192.168.1.1', '192.168.1.1', '192.168.1.1', '192.168.1.1', '192.168.1.1', '192.168.1.1', '192.168.1.1', '192.168.1.1', '192.168.1.1', '192.168.1.1', '192.168.1.1']",packet_timer
32641648,"['192.168.1.1', '192.168.1.1', '192.168.1.1']",packet_timer
32957012,"['192.168.1.1', '192.168.1.1']",packet_timer
33265766,"['192.168.1.1', '192.168.1.1']",packet_timer
33577658,"['192.168.1.1', '192.168.1.1']",packet_timer
33889617,"['192.168.1.1', '192.168.1.1', '192.168.1.1', '192.168.1.1']",packet_timer
34201656,"['192.168.1.1', '192.168.1.1']",packet_timer
34513759,"['192.168.1.1', '192.168.1.1']",packet_timer
34825636,"['192.168.1.1', '192.168.1.1']",packet_timer
35000000,['192.168.1.1'],absolute_timer
35137708,['192.168.1.1'],packet_timer
35529755,"['192.168.1.1', '192.168.1.1', '192.168.1.1', '192.168.1.1', '192.168.1.1', '192.168.1.1', '192.168.1.1', '192.168.1.1', '192.168.1.1', '192.168.1.1', '192.168.1.1', '192.168.1.1', '192.168.1.1', '192.168.1.1', '192.168.1.1', '192.168.1.1', '192.168.1.1']",packet_timer
35761673,"['192.168.1.1', '192.168.1.1']",packet_timer
36000000,"['192.168.1.1', '192.168.1.1']",absolute_timer
36275797,['192.168.1.1'],packet_timer
36385836,['192.168.1.1'],packet_timer
36746658,"['192.168.1.1', '192.168.1.1', '192.168.1.1', '192.168.1.1']",packet_timer
37000000,"['192.168.1.1', '192.168.1.1']",absolute_timer
37321753,"['192.168.1.1', '192.168.1.1']",packet_timer
37633572,"['192.168.1.1', '192.168.1.1']",packet_timer
37945848,"['192.168.1.1', '192.168.1.1']",packet_timer
38257608,"['192.168.1.1', '192.168.1.1', '192.168.1.1', '192.168.1.1', '192.168.1.1', '192.168.1.1', '192.168.1.1', '192.168.1.1', '192.168.1.1', '192.168.1.1', '192.168.1.1', '192.168.1.1', '192.168.1.1', '192.168.1.1', '192.168.1.1', '192.168.1.1']",packet_timer
38569601,"['192.168.1.1', '192.168.1.1', '192.168.1.1']",packet_timer
38881719,"['192.168.1.1', '192.168.1.1']",packet_timer
39000000,['192.168.1.1'],absolute_timer
39224852,['192.168.1.1'],packet_timer
39426963,['192.168.1.1'],packet_timer
39646725,"['192.168.1.1', '192.168.1.1', '192.168.1.1']",packet_timer
39848790,"['192.168.1.1', '192.168.1.1']",packet_timer
40000000,['192.168.1.1'],absolute_timer
40160762,['192.168.1.1'],packet_timer
40472748,"['192.168.1.1', '192.168.1.1']",packet_timer
40784710,"['192.168.1.1', '192.168.1.1']",packet_timer
41000000,"['192.168.1.1', '192.168.1.1', '192.168.1.1', '192.168.1.1', '192.168.1.1', '192.168.1.1', '192.168.1.1', '192.168.1.1', '192.168.1.1', '192.168.1.1', '192.168.1.1', '192.168.1.1', '192.168.1.1', '192.168.1.1', '192.168.1.1', '192.168.1.1']",absolute_timer
41408735,"['192.168.1.1', '192.168.1.1', '192.168.1.1']",packet_timer
41720716,"['192.168.1.1', '192.168.1.1']",packet_timer
42000000,"['192.168.1.1', '192.168.1.1']",absolute_timer
42344835,"['192.168.1.1', '192.168.1.1']",packet_timer
42656679,"['192.168.1.1', '192.168.1.1', '192.168.1.1', '192.168.1.1']",packet_timer
42969579,"['192.168.1.1', '192.168.1.1']",packet_timer
43280758,"['192.168.1.1', '192.168.1.1']",packet_timer
43592685,"['192.168.1.1', '192.168.1.1']",packet_timer
43794900,['192.168.1.1'],packet_timer
43998932,"['192.168.1.1', '192.168.1.1', '192.168.1.1', '192.168.1.1', '192.168.1.1', '192.168.1.1', '192.168.1.1', '192.168.1.1', '192.168.1.1', '192.168.1.1', '192.168.1.1', '192.168.1.1', '192.168.1.1', '192.168.1.1', '192.168.1.1']",packet_timer
44219585,"['192.168.1.1', '192.168.1.1', '192.168.1.1']",packet_timer
44528635,"['192.168.1.1', '192.168.1.1']",packet_timer
44840860,"['192.168.1.1', '192.168.1.1']",packet_timer
45000000,['192.168.1.1'],absolute_timer
45152703,['192.168.1.1'],packet_timer
45464662,"['192.168.1.1', '192.168.1.1', '192.168.1.1', '192.168.1.1']",packet_timer
45666860,['192.168.1.1'],packet_timer
45776658,['192.168.1.1'],packet_timer
46000000,"['192.168.1.1', '192.168.1.1']",absolute_timer
46401302,"['192.168.1.1', '192.168.1.1']",packet_timer
46712599,"['192.168.1.1', '192.168.1.1']",packet_timer
47000000,"['192.168.1.1', '192.168.1.1', '192.168.1.1', '192.168.1.1', '192.168.1.1', '192.168.1.1', '192.168.1.1', '192.168.1.1', '192.168.1.1', '192.168.1.1', '192.168.1.1', '192.168.1.1', '192.168.1.1', '192.168.1.1', '192.168.1.1', '192.168.1.1']",absolute_timer
47109920,['192.168.1.1'],packet_timer
47336858,"['192.168.1.1', '192.168.1.1']",packet_timer
47648552,"['192.168.1.1', '192.168.1.1']",packet_timer
47961003,"['192.168.1.1', '192.168.1.1']",packet_timer
48336824,"['192.168.1.1', '192.168.1.1', '192.168.1.1', '192.168.1.1']",packet_timer
48474793,['192.168.1.1'],packet_timer
48584585,['192.168.1.1'],packet_timer
48896633,"['192.168.1.1', '192.168.1.1']",packet_timer
49208597,"['192.168.1.1', '192.168.1.1']",packet_timer
49520594,"['192.168.1.1', '192.168.1.1']",packet_timer
49832620,"['192.168.1.1', '192.168.1.1', '192.168.1.1', '192.168.1.1', '192.168.1.1', '192.168.1.1', '192.168.1.1', '192.168.1.1', '192.168.1.1', '192.168.1.1', '192.168.1.1', '192.168.1.1', '192.168.1.1', '192.168.1.1', '192.168.1.1', '192.168.1.1']",packet_timer
50000000,"['192.168.1.1', '192.168.1.1']",absolute_timer
50144548,['192.168.1.1'],packet_timer
50346754,['192.168.1.1'],packet_timer
50456656,['192.168.1.1'],packet_timer
50768573,"['192.168.1.1', '192.168.1.1']",packet_timer
51000000,"['192.168.1.1', '192.168.1.1']",absolute_timer
51393031,"['192.168.1.1', '192.168.1.1', '192.168.1.1', '192.168.1.1']",packet_timer
51704529,"['192.168.1.1', '192.168.1.1']",packet_timer
52000000,"['192.168.1.1', '192.168.1.1']",absolute_timer
52328506,"['192.168.1.1', '192.168.1.1']",packet_timer
52689179,"['192.168.1.1', '192.168.1.1', '192.168.1.1', '192.168.1.1', '192.168.1.1', '192.168.1.1', '192.168.1.1', '192.168.1.1', '192.168.1.1', '192.168.1.1', '192.168.1.1', '192.168.1.1', '192.168.1.1', '192.168.1.1', '192.168.1.1', '192.168.1.1']",packet_timer
52952559,"['192.168.1.1', '192.168.1.1', '192.168.1.1']",packet_timer
53264509,"['192.168.1.1', '192.168.1.1']",packet_timer
53576526,"['192.168.1.1', '192.168.1.1']",packet_timer
53888541,"['192.168.1.1', '192.168.1.1']",packet_timer
54200495,"['192.168.1.1', '192.168.1.1', '192.168.1.1', '192.168.1.1']",packet_timer
54513339,"['192.168.1.1', '192.168.1.1']",packet_timer
54824576,"['192.168.1.1', '192.168.1.1']",packet_timer
55000000,['192.168.1.1'],absolute_timer
55136553,['192.168.1.1'],packet_timer
55448776,"['192.168.1.1', '192.168.1.1']",packet_timer
55810982,"['192.168.1.1', '192.168.1.1', '192.168.1.1', '192.168.1.1', '192.168.1.1', '192.168.1.1', '192.168.1.1', '192.168.1.1', '192.168.1.1', '192.168.1.1', '192.168.1.1', '192.168.1.1', '192.168.1.1', '192.168.1.1', '192.168.1.1', '192.168.1.1', '192.168.1.1']",packet_timer
56000000,"['192.168.1.1', '192.168.1.1']",absolute_timer
56384609,"['192.168.1.1', '192.168.1.1']",packet_timer
56586749,['192.168.1.1'],packet_timer
56696476,['192.168.1.1'],packet_timer
57000000,"['192.168.1.1', '192.168.1.1', '192.168.1.1', '192.168.1.1']",absolute_timer
57320458,"['192.168.1.1', '192.168.1.1']",packet_timer
57632459,"['192.168.1.1', '192.168.1.1']",packet_timer
57944459,"['192.168.1.1', '192.168.1.1']",packet_timer
58146685,['192.168.1.1'],packet_timer
58256473,['192.168.1.1'],packet_timer
58569214,"['192.168.1.1', '192.168.1.1', '192.168.1.1', '192.168.1.1', '192.168.1.1', '192.168.1.1', '192.168.1.1', '192.168.1.1', '192.168.1.1', '192.168.1.1', '192.168.1.1', '192.168.1.1', '192.168.1.1', '192.168.1.1', '192.168.1.1', '192.168.1.1']",packet_timer
58786240,"['192.168.1.1', '192.168.1.1']",packet_timer
58896068,['192.168.1.1'],packet_timer
59208016,"['192.168.1.1', '192.168.1.1']",packet_timer
59520060,"['192.168.1.1', '192.168.1.1']",packet_timer
59936998,"['192.168.1.1', '192.168.1.1', '192.168.1.1', '192.168.1.1']",packet_timer
